추첨일,Num1,Num2,Num3,Num4,Num5,Num6,bnsNum,총판매금액,총1등당첨금,1등당첨인원,1등수령액
2002-12-07,10,23,29,33,37,40,16,3681782000,863604600,0,0
2002-12-14,9,13,21,25,32,42,2,4904274000,0,1,2002006800
2002-12-21,11,16,19,21,27,31,30,4729342000,0,1,2000000000
2002-12-28,14,27,30,31,40,42,2,5271464000,1267147200,0,0
2003-01-04,16,24,29,40,41,42,3,6277102000,3041094900,0,0
2003-01-11,14,15,26,27,40,42,34,15305356000,0,1,6574451700
2003-01-18,2,9,16,25,26,40,42,12794890000,2600913000,0,0
2003-01-25,8,19,25,34,37,39,9,20751450000,7336896000,0,0
2003-02-01,2,4,16,17,36,39,14,73624020000,25803852000,0,0
2003-02-08,9,25,30,33,41,44,6,260856392000,0,13,6430437900
2003-02-15,1,7,36,37,41,42,14,91925306000,0,5,4780152300
2003-02-22,2,11,21,25,39,45,44,76255508000,0,12,1348845700
2003-03-01,22,23,25,37,38,42,26,66532136000,15599134800,0,0
2003-03-08,2,6,12,31,33,40,15,99838648000,0,4,9375048300
2003-03-15,3,4,16,30,31,37,13,73264910000,0,1,17014245000
2003-03-22,6,7,24,37,38,40,33,75777348000,0,4,4377146100
2003-03-29,3,4,9,17,32,37,1,72718152000,0,3,5349491200
2003-04-05,3,12,13,19,32,35,29,66371660000,15751560000,0,0
2003-04-12,6,30,38,39,40,43,26,105957818000,0,1,40722959400
2003-04-19,10,14,18,20,23,30,41,81056776000,0,1,19352212800
2003-04-26,6,12,17,18,31,32,21,84247142000,0,23,797475400
2003-05-03,4,5,6,8,17,39,25,79455152000,0,4,4552194900
2003-05-10,5,13,17,18,33,42,44,77374256000,0,4,4317947700
2003-05-17,7,8,27,29,36,43,6,78486634000,19010560200,0,0
2003-05-24,2,4,21,26,43,44,16,120073768000,0,2,24227745300
2003-05-31,4,5,7,18,20,25,31,80193026000,0,5,3495069900
2003-06-07,1,20,26,28,37,43,27,76145050000,0,2,9543982500
2003-06-14,9,18,23,25,35,37,1,75448366000,0,10,1700361100
2003-06-21,1,5,13,34,39,40,11,74523120000,0,5,3552594000
2003-06-28,8,17,20,35,36,44,4,72399690000,0,2,8728555500
2003-07-05,7,9,18,23,28,35,32,71317306000,0,2,8106672900
2003-07-12,6,14,19,25,34,44,11,71179198000,0,10,1634528300
2003-07-19,4,7,32,33,40,41,9,67457252000,0,1,14903517600
2003-07-26,9,26,35,37,40,42,2,69389894000,0,5,3056918000
2003-08-02,2,3,11,26,37,43,39,66143062000,0,3,5054598200
2003-08-09,1,10,23,26,28,40,31,66856686000,0,1,16014475800
2003-08-16,7,27,30,33,35,37,42,65509794000,0,3,4985999400
2003-08-23,16,17,22,30,37,43,36,67369284000,0,3,5374866400
2003-08-30,6,7,13,15,21,43,8,66094476000,0,6,2623748800
2003-09-06,7,13,18,19,25,26,6,65699086000,0,13,1147652400
2003-09-13,13,20,23,35,38,43,34,57624562000,13784904600,0,0
2003-09-20,17,18,19,21,23,32,1,119909740000,0,6,6899280100
2003-09-27,6,31,35,38,39,44,1,74686296000,0,1,17749630800
2003-10-04,3,11,21,30,38,45,39,69956950000,0,5,3362155800
2003-10-11,1,10,20,27,33,35,17,71216232000,0,2,8356417800
2003-10-18,8,13,15,23,31,38,39,68181568000,0,3,5327758800
2003-10-25,14,17,26,31,36,45,27,67756694000,0,5,3250042400
2003-11-01,6,10,18,26,37,38,3,65806832000,0,6,2415673600
2003-11-08,4,7,16,19,33,40,30,64501142000,0,7,1967504600
2003-11-15,2,10,12,15,22,44,1,65563234000,0,3,5227061400
2003-11-22,2,3,11,16,26,44,35,62553680000,0,6,2421117000
2003-11-29,2,4,15,16,20,29,1,64393446000,0,4,3900844900
2003-12-06,7,8,14,32,33,39,42,64996010000,0,3,5014371000
2003-12-13,1,8,21,27,36,39,37,63833006000,0,3,5148626600
2003-12-20,17,21,31,37,40,44,7,62195764000,0,2,7088799600
2003-12-27,10,14,30,31,33,37,19,65258932000,0,4,3777570900
2004-01-03,7,10,16,25,29,44,6,70132666000,0,4,4114411900
2004-01-10,10,24,25,33,40,44,1,66638136000,0,4,3676429200
2004-01-17,6,29,36,39,41,45,13,67563698000,0,4,4127587300
2004-01-24,2,8,25,36,39,42,11,65405936000,0,7,2172504600
2004-01-31,14,15,19,30,38,43,8,73312994000,0,5,3541038800
2004-02-07,3,8,15,27,29,35,21,66740368000,0,1,15817286400
2004-02-14,3,20,23,36,38,40,5,67074050000,0,2,7922245500
2004-02-21,14,15,18,21,26,36,39,65085154000,0,4,3899818000
2004-02-28,4,25,33,36,40,43,39,66685144000,0,4,3727945800
2004-03-06,2,3,7,17,22,24,45,63378796000,0,4,3685138200
2004-03-13,3,7,10,15,36,38,33,64314872000,0,7,2114436500
2004-03-20,10,12,15,16,26,39,38,63813236000,0,5,2945882100
2004-03-27,5,8,14,15,19,39,35,63711302000,0,3,4962712200
2004-04-03,5,19,22,25,28,43,26,63232578000,0,3,5031277800
2004-04-10,5,9,12,16,29,41,21,62889986000,14909209800,0,0
2004-04-17,2,4,11,17,26,27,1,125651214000,0,13,3260524600
2004-04-24,3,12,18,32,40,43,38,72635862000,0,6,2766662100
2004-05-01,6,15,17,18,35,40,23,68902158000,0,3,5284949800
2004-05-08,2,5,24,32,34,44,28,66138372000,0,4,3914616900
2004-05-15,1,3,15,22,25,37,43,65083924000,0,2,7451022600
2004-05-22,2,18,29,32,43,44,37,64420666000,0,3,5155758600
2004-05-29,10,13,25,29,33,35,38,61257794000,0,4,3519850000
2004-06-05,3,12,24,27,30,32,14,60390004000,0,4,3416443800
2004-06-12,17,18,24,25,26,30,1,60160440000,0,1,13809540000
2004-06-19,5,7,11,13,20,33,6,60983308000,0,5,2714288880
2004-06-26,1,2,3,14,27,42,39,61302808000,0,1,14562494400
2004-07-03,6,10,15,17,19,34,14,62512062000,0,2,7086948300
2004-07-10,16,23,27,34,42,45,11,62780760000,0,2,7669779000
2004-07-17,6,8,13,23,31,36,21,59451304000,0,4,3462109800
2004-07-24,2,12,37,39,41,45,33,59835968000,0,1,14252186400
2004-07-31,4,12,16,23,34,43,26,83793642000,0,11,1799358055
2004-08-07,1,17,20,24,30,41,27,51910612000,0,4,3069709650
2004-08-14,4,26,28,29,33,40,37,55102179000,0,3,4248321900
2004-08-21,17,20,29,35,38,44,10,55493544000,0,4,3291435300
2004-08-28,1,21,24,26,29,42,27,59061052000,0,4,3582902400
2004-09-04,3,14,24,33,35,36,17,58296001000,0,11,1233270846
2004-09-11,6,22,24,36,38,44,19,57236313000,0,6,2269178150
2004-09-18,5,32,34,40,41,45,6,57144729000,0,6,2245339950
2004-09-25,8,17,27,31,34,43,14,60077493000,0,8,1747741238
2004-10-02,1,3,8,21,22,31,20,54217572000,0,7,1847133515
2004-10-09,6,7,14,15,20,36,3,57713200000,0,9,1496214000
2004-10-16,6,9,16,23,24,32,43,56231084000,0,4,3177972300
2004-10-23,1,3,10,27,29,37,11,56207491000,0,6,2169219050
2004-10-30,1,7,11,23,37,42,6,56561977000,0,4,3315315525
2004-11-06,1,3,17,32,35,45,8,57585065000,0,5,2707297500
2004-11-13,17,22,24,26,35,40,42,56937962000,0,9,1457153067
2004-11-20,5,14,15,27,30,45,10,57420615000,0,8,1691589563
2004-11-27,17,32,33,34,42,44,35,56533705000,0,2,6610743750
2004-12-04,8,10,20,34,41,45,28,57479716000,0,4,3416781450
2004-12-11,4,10,12,22,24,33,29,57384485000,0,16,810461157
2004-12-18,1,4,5,6,9,31,17,57545202000,0,2,6679927800
2004-12-25,7,18,22,23,29,44,12,58875228000,0,7,1998900772
2005-01-01,1,5,34,36,42,44,33,62584098000,0,12,1246838200
2005-01-08,7,20,22,23,29,43,1,57625490000,0,3,4566262000
2005-01-15,7,18,31,33,36,40,27,57876999000,0,6,2199047450
2005-01-22,26,29,30,33,41,42,43,59292005000,0,9,1567271167
2005-01-29,4,9,28,33,36,45,26,59258248000,0,9,1561528934
2005-02-05,11,14,19,26,28,41,2,60079401000,0,6,2362345050
2005-02-12,1,2,6,9,25,28,31,59130557000,0,9,1488589567
2005-02-19,2,4,25,31,34,37,17,61606084000,0,7,1997747315
2005-02-26,5,10,22,34,36,44,35,59429610000,0,9,1558378334
2005-03-05,3,4,10,17,19,22,38,57171934000,0,10,1297989720
2005-03-12,3,11,13,14,17,21,38,57800632000,0,9,1474899400
2005-03-19,4,6,10,11,32,37,30,57418983000,0,3,4364530300
2005-03-26,12,28,30,34,38,43,9,57134544000,0,2,6839648100
2005-04-02,1,11,16,17,36,40,8,56171704000,0,9,1450073800
2005-04-09,7,17,18,28,30,45,27,54097448000,0,5,2532982680
2005-04-16,4,16,23,25,29,42,1,54180838000,0,9,1395936267
2005-04-23,2,8,32,33,35,36,18,53149705000,0,7,1754870786
2005-04-30,7,20,22,27,40,43,1,52748965000,0,9,1369301500
2005-05-07,3,5,10,29,32,43,35,50752603000,0,6,1965939150
2005-05-14,12,30,34,36,37,45,39,52310392000,0,6,2064043100
2005-05-21,19,23,25,28,38,42,17,51555754000,0,11,1093629655
2005-05-28,7,19,24,27,42,45,31,51359012000,0,4,3036496650
2005-06-04,8,10,11,14,15,21,37,50231773000,0,8,1451214488
2005-06-11,3,17,23,34,41,45,43,49921897000,0,4,2920473525
2005-06-18,4,7,15,18,23,26,13,50889926000,0,8,1450242600
2005-06-25,3,12,20,23,31,35,43,50445575000,0,5,2349155100
2005-07-02,6,14,22,28,35,39,16,51062672000,0,7,1717293515
2005-07-09,2,16,30,36,41,42,11,51144633000,0,6,1997694150
2005-07-16,7,9,20,25,36,39,15,49978654000,0,9,1270403467
2005-07-23,10,11,27,28,37,39,19,47688450000,0,5,2227152000
2005-07-30,9,11,15,20,28,43,13,48371085000,0,7,1650210215
2005-08-06,3,13,17,18,19,28,8,45983464000,0,5,2109462840
2005-08-13,8,12,29,31,42,43,2,48016958000,0,6,1900552400
2005-08-20,12,16,30,34,40,44,19,48012844000,0,11,1018265564
2005-08-27,26,27,28,42,43,45,8,49415357000,0,3,3954584700
2005-09-03,4,15,17,26,36,37,43,49202521000,0,8,1402440413
2005-09-10,2,3,13,20,27,44,9,48913832000,0,3,3797838200
2005-09-17,2,19,27,35,41,42,25,50677555000,0,2,6043415250
2005-09-24,4,6,13,21,40,42,36,50345605000,0,7,1700040215
2005-10-01,21,25,33,34,35,36,17,49523247000,0,5,2323596420
2005-10-08,2,11,21,34,41,42,27,48406950000,0,7,1639052143
2005-10-15,2,18,25,28,37,39,16,48763778000,0,4,2831645850
2005-10-22,1,2,10,13,18,19,15,47357067000,0,4,2716634025
2005-10-29,1,5,13,26,29,34,43,48180334000,0,5,2278131840
2005-11-05,3,8,11,12,13,36,33,47777735000,0,4,2730526125
2005-11-12,6,19,21,35,40,45,20,48022386000,0,4,2836628700
2005-11-19,16,19,20,32,33,41,4,46140202000,0,9,1193005734
2005-11-26,5,18,28,30,42,45,2,47344584000,0,8,1401099900
2005-12-03,19,26,30,33,35,39,37,46853365000,0,2,5484903750
2005-12-10,4,9,13,18,21,34,7,46368888000,0,10,1069544340
2005-12-17,1,18,30,41,42,43,32,44311926000,0,6,1755407300
2005-12-24,3,7,8,34,39,41,1,46833239000,0,2,5490805350
2005-12-31,22,34,36,40,42,45,44,53096453000,0,7,1996876272
2006-01-07,1,5,21,25,38,41,24,49050086000,0,5,2308265760
2006-01-14,7,11,26,28,29,44,16,49018952000,0,7,1629726515
2006-01-21,6,9,10,11,39,41,27,53052119000,0,3,4054937900
2006-01-28,5,13,18,19,22,42,31,58088118000,0,2,6767426700
2006-02-04,9,12,27,36,39,45,14,52157466000,0,11,1111299982
2006-02-11,24,27,28,30,36,39,4,52744392000,0,5,2491222920
2006-02-18,3,10,31,40,42,43,30,51496212000,0,5,2349946920
2006-02-25,16,27,35,37,43,45,19,52076183000,0,5,2482888380
2006-03-04,2,11,13,15,31,42,10,49718245000,0,6,1923108250
2006-03-11,4,16,25,29,34,35,1,50357474000,0,6,1961339700
2006-03-18,4,19,21,24,26,41,35,50758266000,0,11,1081154073
2006-03-25,3,9,24,30,33,34,18,52286521000,0,8,1487736788
2006-04-01,13,14,18,22,35,39,16,52340568000,0,7,1771103058
2006-04-08,19,26,28,31,33,36,17,50895147000,0,5,2371132620
2006-04-15,4,17,30,32,33,34,15,50488528000,0,5,2314663080
2006-04-22,1,10,13,16,37,43,6,50480325000,0,7,1693285500
2006-04-29,1,5,11,12,18,23,9,49582758000,0,5,2254621080
2006-05-06,5,9,17,25,39,43,32,47291694000,0,10,1081093920
2006-05-13,2,15,20,21,29,34,22,48895477000,0,2,5763371550
2006-05-20,14,21,23,32,40,45,44,49124446000,0,6,1941763300
2006-05-27,13,15,27,29,34,40,35,47222594000,0,3,3721439400
2006-06-03,2,18,24,34,40,42,5,45938460000,0,6,1777221500
2006-06-10,1,2,6,16,20,33,41,45503351000,0,6,1747753050
2006-06-17,1,2,4,8,19,38,14,45783088000,0,3,3522485800
2006-06-24,4,10,14,19,21,45,9,45484428000,0,9,1187882600
2006-07-01,1,2,8,18,29,38,42,45855961000,0,7,1544733900
2006-07-08,19,24,27,30,31,34,36,45176242000,0,3,3501405200
2006-07-15,8,14,32,35,37,45,28,43650551000,0,3,3461775100
2006-07-22,8,14,18,30,31,44,15,44864459000,0,6,1784159450
2006-07-29,5,6,24,25,32,37,8,44534869000,0,4,2577114675
2006-08-05,4,8,11,18,37,45,33,42035065000,0,4,2445348375
2006-08-12,6,14,18,26,36,39,13,43788477000,0,3,3404449700
2006-08-19,15,20,23,26,39,44,28,44511515000,0,4,2650567875
2006-08-26,7,10,19,22,35,40,31,44374725000,0,11,918992591
2006-09-02,35,36,37,41,44,45,30,45773496000,0,15,727876520
2006-09-09,7,12,16,34,42,45,4,45993306000,0,6,1803018300
2006-09-16,12,19,20,25,41,45,2,45614021000,0,6,1797855050
2006-09-23,14,21,22,25,30,36,43,45021068000,0,2,5344252200
2006-09-30,5,6,13,14,17,20,7,46640423000,0,8,1344616613
2006-10-07,3,11,24,38,39,44,26,42254768000,0,1,9719465400
2006-10-14,12,14,27,33,39,44,17,48304034000,0,6,1893391700
2006-10-21,1,3,11,24,30,32,7,47033359000,0,5,2164564740
2006-10-28,3,12,14,35,40,45,5,46077750000,0,8,1358347125
2006-11-04,1,3,21,29,35,37,30,46330516000,0,6,1835221800
2006-11-11,1,2,3,15,20,25,43,44326979000,0,5,2032859340
2006-11-18,3,11,14,31,32,37,38,45282336000,0,5,2104673760
2006-11-25,14,25,31,34,40,44,24,45516378000,0,6,1760767400
2006-12-02,2,7,18,20,24,33,37,43753377000,0,6,1660896350
2006-12-09,10,19,22,23,25,37,39,44757963000,0,2,5139085950
2006-12-16,12,13,17,20,33,41,8,45332675000,0,10,1035800250
2006-12-23,11,12,18,21,31,38,8,46139120000,0,4,2660747250
2006-12-30,2,3,4,5,20,24,42,48745094000,0,8,1376678025
2007-01-06,5,7,20,25,28,37,32,49195740000,0,8,1406980875
2007-01-13,2,3,7,15,43,44,4,47675761000,0,7,1587689615
2007-01-20,7,16,17,33,36,40,1,48342018000,0,13,848506108
2007-01-27,16,20,27,33,35,39,38,48260644000,0,7,1611246172
2007-02-03,1,8,14,18,29,44,20,47018314000,0,4,2779075800
2007-02-10,4,11,20,26,35,37,16,46903745000,0,9,1208409167
2007-02-17,5,11,19,21,34,43,31,50383399000,0,6,1958094950
2007-02-24,2,20,33,35,37,40,10,47674135000,0,6,1800104250
2007-03-03,5,7,28,29,39,43,44,47735197000,0,5,2275193820
2007-03-10,1,3,18,20,26,27,38,46036874000,0,7,1498170600
2007-03-17,4,19,26,27,30,42,7,46435109000,0,6,1808969950
2007-03-24,5,11,13,19,31,36,7,46352016000,0,6,1777201800
2007-03-31,2,6,8,14,21,22,34,45145643000,0,6,1744100150
2007-04-07,4,5,15,16,22,42,2,44444776000,0,2,5253542400
2007-04-14,17,25,35,36,39,44,23,44764100000,0,9,1146700334
2007-04-21,4,5,9,11,23,38,35,44762989000,0,7,1451441100
2007-04-28,5,11,14,29,32,33,12,44191351000,0,8,1292929163
2007-05-05,5,10,19,31,44,45,27,42355627000,0,9,1088365900
2007-05-12,8,9,10,12,24,44,35,43564632000,0,9,1110918400
2007-05-19,4,6,13,17,28,40,39,43516805000,0,10,999153750
2007-05-26,13,21,22,24,26,37,4,42814085000,0,4,2519743875
2007-06-02,21,22,26,27,31,37,8,43347391000,0,3,3433330100
2007-06-09,1,4,8,13,37,39,7,42941871000,0,2,5030040150
2007-06-16,1,11,17,21,24,44,33,43358287000,0,7,1440630729
2007-06-23,2,4,15,28,31,34,35,42952477000,0,9,1121660567
2007-06-30,11,15,24,39,41,44,7,43296565000,0,9,1134140167
2007-07-07,6,10,16,40,41,43,21,43603443000,0,2,5098251450
2007-07-14,2,16,24,27,28,35,21,43246894000,0,4,2552016300
2007-07-21,4,19,20,21,32,34,43,42679760000,0,8,1234542375
2007-07-28,2,12,17,19,28,42,34,41304830000,0,4,2408850000
2007-08-04,13,16,25,36,37,38,19,39411047000,0,1,9121583100
2007-08-11,9,11,27,31,32,38,22,41854623000,0,7,1382583129
2007-08-18,13,18,21,23,26,39,15,41453154000,0,5,1911774240
2007-08-25,12,15,28,36,39,40,13,42231698000,0,6,1669313900
2007-09-01,3,8,17,23,38,45,13,42348403000,0,8,1227479363
2007-09-08,3,8,27,31,41,44,11,42539134000,0,6,1663568700
2007-09-15,19,23,30,37,43,45,38,42122808000,0,5,1994726280
2007-09-22,6,7,19,25,28,38,45,44493014000,0,8,1282616400
2007-09-29,14,23,26,31,39,45,28,41207920000,0,7,1391089715
2007-10-06,8,19,25,31,34,36,33,42309347000,0,4,2466189525
2007-10-13,1,5,19,20,24,30,27,42259113000,0,1,9741015900
2007-10-20,1,5,6,24,27,42,32,41425341000,0,6,1598618550
2007-10-27,4,11,14,21,23,43,32,41996580000,0,2,4891017000
2007-11-03,6,13,27,31,32,37,4,41433637000,0,4,2391377025
2007-11-10,14,27,30,31,38,40,17,41364428000,0,4,2426434350
2007-11-17,4,5,14,35,42,45,34,40905570000,0,2,4838533500
2007-11-24,7,12,15,24,37,40,43,40140211000,0,4,2310085575
2007-12-01,6,11,16,18,31,43,2,41215041000,0,3,3192299100
2007-12-08,9,12,24,25,29,31,36,39232234000,0,2,4518741600
2007-12-15,1,27,28,32,37,40,18,39677128000,0,6,1551704900
2007-12-22,9,16,27,36,41,44,5,39783178000,0,7,1344889200
2007-12-29,5,9,34,37,38,39,12,40913922000,0,8,1200838575
2008-01-05,3,4,9,11,22,42,37,41937067000,0,3,3207211700
2008-01-12,7,8,24,34,36,41,1,41835853000,0,3,3257663300
2008-01-19,3,10,19,24,32,45,12,41213802000,0,7,1350954515
2008-01-26,5,18,20,36,42,43,32,41357619000,0,5,1961399940
2008-02-02,5,9,12,20,21,26,27,41845351000,0,5,1927830060
2008-02-09,3,8,9,27,29,40,36,40879633000,0,6,1565918150
2008-02-16,7,9,12,27,39,43,28,43310674000,0,9,1104622800
2008-02-23,1,8,24,31,34,44,6,42816211000,0,3,3339543100
2008-03-01,13,14,15,26,35,39,25,42631711000,0,4,2505085575
2008-03-08,14,19,20,35,38,40,26,42329813000,0,1,10044066900
2008-03-15,4,15,21,33,39,41,25,42567610000,0,3,3312569000
2008-03-22,10,12,13,15,25,29,20,41868708000,0,3,3272627800
2008-03-29,3,11,37,39,41,43,13,41088180000,0,3,3186530000
2008-04-05,7,16,31,36,37,38,11,41130542000,0,5,1914205320
2008-04-12,10,11,23,24,36,37,35,40673999000,0,7,1355258529
2008-04-19,1,3,4,6,14,41,12,40800514000,0,6,1554683200
2008-04-26,2,5,10,18,31,32,30,41051175000,0,7,1322052643
2008-05-03,6,8,18,31,38,45,42,40133316000,0,3,3137224600
2008-05-10,2,7,15,24,30,45,28,39773403000,0,3,3117640300
2008-05-17,13,33,37,40,41,45,2,40364871000,0,3,3164370100
2008-05-24,1,15,19,40,42,44,17,40944483000,0,3,3236566300
2008-05-31,6,12,24,27,35,37,41,40623489000,0,7,1328657100
2008-06-07,1,12,17,28,35,41,10,39970134000,0,4,2357261550
2008-06-14,3,14,33,37,38,42,10,39406643000,9181683900,0,0
2008-06-21,8,13,18,32,39,45,7,80362302000,0,13,2149214424
2008-06-28,3,7,8,18,20,42,45,44143418000,0,7,1450585200
2008-07-05,17,18,31,32,33,34,10,43394631000,0,14,720373950
2008-07-12,1,9,17,21,29,33,24,42399708000,0,6,1656764400
2008-07-19,6,10,17,30,37,38,40,41563813000,9626019900,4,2406504975
2008-07-26,1,4,12,16,18,38,8,42248135000,9823300500,0,0
2008-08-02,3,8,15,27,30,45,44,63377899000,24528706200,8,3066088275
2008-08-09,6,11,19,20,28,32,34,43641475000,10113337500,2,5056668750
2008-08-16,5,9,27,29,37,40,19,43151675000,9909778500,1,9909778500
2008-08-23,1,3,20,25,36,45,24,44463909000,10386407700,7,1483772529
2008-08-30,7,9,10,12,26,38,39,44465047000,10033109100,12,836092425
2008-09-06,7,11,13,33,37,43,26,44377177000,10131695100,7,1447385015
2008-09-13,13,19,20,32,38,42,4,46382605000,10944334500,2,5472167250
2008-09-20,2,14,17,30,38,45,43,42841760000,10036494000,6,1672749000
2008-09-27,4,10,16,26,33,41,38,43158653000,9969876900,6,1661646150
2008-10-04,7,8,18,21,23,39,9,43960659000,10041050700,5,2008210140
2008-10-11,4,18,23,30,34,41,19,44421462000,10513347600,5,2102669520
2008-10-18,5,15,21,23,25,45,12,43880990000,10350573000,4,2587643250
2008-10-25,14,15,17,19,37,45,40,43339416000,10232872800,1,10232872800
2008-11-01,1,2,5,11,18,36,22,44157528000,9917852400,11,901622946
2008-11-08,1,5,19,28,34,41,16,43718082000,10373706600,8,1296713325
2008-11-15,4,12,24,27,28,32,10,43209215000,9901528500,8,1237691063
2008-11-22,2,3,5,6,12,20,25,42255391000,9435267300,15,629017820
2008-11-29,9,17,34,35,43,45,2,43672096000,10292536800,6,1715422800
2008-12-06,15,17,19,34,38,41,2,42328094000,9963073200,6,1660512200
2008-12-13,1,13,33,35,43,45,23,44339180000,10469829000,8,1308728625
2008-12-20,10,11,21,27,31,39,43,44073768000,10041518400,6,1673586400
2008-12-27,3,10,11,22,36,39,8,44135114000,10305034200,4,2576258550
2009-01-03,2,17,19,20,34,45,21,46663728000,10866929400,9,1207436600
2009-01-10,5,8,22,28,33,42,37,45435183000,10678296900,5,2135659380
2009-01-17,16,19,23,25,41,45,3,46659886000,11026135800,2,5513067900
2009-01-24,12,18,20,21,25,34,42,50617982000,11754816600,6,1959136100
2009-01-31,9,18,29,32,38,43,20,48948294000,11427268200,6,1904544700
2009-02-07,10,14,15,32,36,42,3,49209477000,11688203100,8,1461025388
2009-02-14,2,4,21,25,33,36,17,47988317000,11190782100,6,1865130350
2009-02-21,7,17,20,32,44,45,33,46636979000,10836734700,6,1806122450
2009-02-28,16,23,25,33,36,39,40,47224551000,10992807300,6,1832134550
2009-03-07,6,12,13,17,32,44,24,45791560000,10592097000,12,882674750
2009-03-14,1,6,9,16,17,28,24,47316988000,10918775400,6,1819795900
2009-03-21,9,17,19,30,35,42,4,47198504000,10982347200,6,1830391200
2009-03-28,3,4,16,17,19,20,23,45859496000,10460521800,9,1162280200
2009-04-04,4,9,14,26,31,44,39,46641467000,10829513100,5,2165902620
2009-04-11,16,17,34,36,42,45,3,46042557000,10875587100,8,1359448388
2009-04-18,5,14,27,30,39,43,35,46019070000,10856910000,7,1550987143
2009-04-25,13,15,21,29,39,43,33,44439656000,10661020800,7,1523002972
2009-05-02,5,9,16,23,26,45,21,43977478000,10187462400,5,2037492480
2009-05-09,3,5,20,34,35,44,16,43069333000,10113795900,6,1685632650
2009-05-16,1,5,14,18,32,37,4,43432467000,10060004100,8,1257500513
2009-05-23,2,13,34,38,42,45,16,43136020000,10150293000,3,3383431000
2009-05-30,6,8,14,21,30,37,45,42035640000,9871005000,9,1096778334
2009-06-06,18,24,26,29,34,38,32,42892121000,10075752300,7,1439393186
2009-06-13,1,8,19,34,39,43,41,44722448000,10480454400,7,1497207772
2009-06-20,1,13,14,33,34,43,25,43782188000,10362287400,3,3454095800
2009-06-27,1,10,17,29,31,43,15,43656460000,10302918000,6,1717153000
2009-07-04,1,2,15,28,34,45,38,43838886000,10269745800,7,1467106543
2009-07-11,15,20,23,29,39,42,2,43530937000,10407155100,2,5203577550
2009-07-18,5,13,14,22,44,45,33,42862389000,10088636700,5,2017727340
2009-07-25,3,8,13,27,32,42,10,44219740000,10196370000,7,1456624286
2009-08-01,3,14,17,20,24,31,34,42786310000,9899982000,3,3299994000
2009-08-08,5,13,14,20,24,25,36,43433870000,10059627000,3,3353209000
2009-08-15,1,8,18,24,29,33,35,42681094000,9909472200,9,1101052467
2009-08-22,5,25,27,29,34,36,33,43947492000,10333428600,4,2583357150
2009-08-29,5,16,17,20,26,41,24,44719545000,10397149500,6,1732858250
2009-09-05,11,16,19,22,29,36,26,44552925000,10581676500,2,5290838250
2009-09-12,14,19,36,43,44,45,1,44709689000,10622321700,5,2124464340
2009-09-19,5,8,29,30,35,44,38,45017050000,10727124000,5,2145424800
2009-09-26,2,8,14,25,29,45,24,44684958000,10414667400,9,1157185267
2009-10-03,10,14,18,21,36,37,5,45232409000,10626788700,2,5313394350
2009-10-10,1,9,10,12,21,40,37,45651829000,10417964700,3,3472654900
2009-10-17,1,10,19,20,24,40,23,45288256000,10293700800,8,1286712600
2009-10-24,4,16,23,25,35,40,27,45719032000,10700148600,3,3566716200
2009-10-31,5,10,16,24,27,35,33,45062676000,10311805800,7,1473115115
2009-11-07,2,3,22,27,30,40,29,44336363000,10376547900,6,1729424650
2009-11-14,11,12,14,21,32,38,6,44863948000,10463642400,4,2615910600
2009-11-21,2,5,7,14,16,40,4,44192004000,10127659200,4,2531914800
2009-11-28,5,15,21,25,26,30,31,45806066000,10697716800,1,10697716800
2009-12-05,5,12,19,26,27,44,38,45962166000,10703107800,2,5351553900
2009-12-12,3,22,25,29,32,44,19,46459307000,11072156100,7,1581736586
2009-12-19,11,21,24,30,39,45,26,43746046000,10260775800,7,1465825115
2009-12-26,17,20,35,36,41,43,21,46716275000,11053066500,6,1842177750
2010-01-02,16,18,24,42,44,45,17,49762652000,11752593600,7,1678941943
2010-01-09,7,9,15,26,27,42,18,45843166000,10668913800,7,1524130543
2010-01-16,8,11,14,16,18,21,13,46167066000,10733338800,9,1192593200
2010-01-23,15,26,37,42,43,45,9,47095065000,11167204500,4,2791801125
2010-01-30,11,13,15,17,25,34,26,48081319000,11057435700,2,5528717850
2010-02-06,4,8,19,25,27,45,7,47864938000,11068988400,7,1581284058
2010-02-13,1,11,13,24,28,40,7,50657096000,11741494800,6,1956915800
2010-02-20,6,22,29,37,43,45,23,49218434000,11736256200,3,3912085400
2010-02-27,5,22,29,31,34,39,43,48866964000,11588491200,5,2317698240
2010-03-06,6,10,22,31,35,40,19,47537685000,11192998500,7,1598999786
2010-03-13,1,2,8,17,26,37,27,47164371000,10737099300,4,2684274825
2010-03-20,1,5,10,12,16,20,11,47943113000,10749039900,19,565738895
2010-03-27,10,15,22,24,27,42,19,47401288000,11080049400,6,1846674900
2010-04-03,4,15,28,33,37,40,25,46067051000,10789566300,3,3596522100
2010-04-10,11,22,24,32,36,38,7,46888942000,10976202600,3,3658734200
2010-04-17,7,12,19,21,29,32,9,46243483000,10794228900,7,1542032700
2010-04-24,4,7,10,19,31,40,26,45907331000,10429533300,10,1042953330
2010-05-01,1,26,31,34,40,43,20,45459960000,10702134000,4,2675533500
2010-05-08,1,8,9,17,29,32,45,44308705000,10182175500,4,2545543875
2010-05-15,7,16,18,20,23,26,3,45534027000,10595135100,5,2119027020
2010-05-22,16,17,28,37,39,40,15,44189673000,10373997900,1,10373997900
2010-05-29,10,11,18,22,28,39,30,45161516000,10508749800,1,10508749800
2010-06-05,1,3,7,8,24,42,43,45528684000,10281172200,6,1713528700
2010-06-12,9,16,28,40,41,43,21,45989116000,10896031800,8,1362003975
2010-06-19,1,13,20,22,25,28,15,45192337000,10654349100,1,10654349100
2010-06-26,11,15,20,26,31,35,7,46192580000,10742445000,7,1534635000
2010-07-03,18,20,31,34,40,45,30,45463736000,10593244800,2,5296622400
2010-07-10,12,13,17,22,25,33,8,45890007000,10498559100,3,3499519700
2010-07-17,10,15,20,23,42,44,7,45427304000,10722502200,4,2680625550
2010-07-24,1,2,9,17,19,42,20,45551786000,10214839800,8,1276854975
2010-07-31,9,21,27,34,41,43,2,45379731000,10679337300,4,2669834325
2010-08-07,6,12,18,31,38,43,9,43491965000,10513933125,9,1168214792
2010-08-14,5,9,15,19,22,36,32,45002946000,10648824750,4,2662206188
2010-08-21,10,14,22,24,28,37,26,44911335000,10611984375,5,2122396875
2010-08-28,5,20,21,24,33,40,36,45389825000,10699978125,3,3566659375
2010-09-04,1,2,10,25,26,44,4,45220904000,10631634000,3,3543878000
2010-09-11,7,12,21,24,27,36,45,46062206000,10780712250,5,2156142450
2010-09-18,6,7,13,16,24,25,1,48429586000,11547951000,7,1649707286
2010-09-25,9,20,21,22,30,37,16,46406711000,11176879125,5,2235375825
2010-10-02,6,9,21,31,32,40,38,47924584000,11587959000,4,2896989750
2010-10-09,1,3,18,32,40,41,16,47467817000,11244021375,9,1249335709
2010-10-16,11,14,22,35,37,39,5,47259122000,11438730750,12,953227563
2010-10-23,4,7,39,41,42,45,40,47066180000,11593398750,7,1656199822
2010-10-30,2,9,15,23,34,40,3,46925724000,11258694000,4,2814673500
2010-11-06,2,14,15,22,23,44,43,46910990000,11703832500,1,11703832500
2010-11-13,7,17,20,26,30,40,24,46746048000,10673459250,8,1334182407
2010-11-20,5,6,8,11,22,26,44,46854806000,10720371000,10,1072037100
2010-11-27,4,5,14,20,22,43,44,45968256000,11273319750,4,2818329938
2010-12-04,11,13,15,26,28,34,31,47058055000,11485198125,8,1435649766
2010-12-11,2,11,13,14,28,30,7,46508296000,11389472250,3,3796490750
2010-12-18,4,9,10,29,31,34,27,47345476000,11398851000,8,1424856375
2010-12-25,6,11,26,27,28,44,30,47752021000,11605721625,5,2321144325
2011-01-01,8,15,19,21,34,44,12,52730602000,13231508250,6,2205251375
2011-01-08,1,17,27,28,29,40,5,49668311000,11688461625,3,3896153875
2011-01-15,10,11,26,31,34,44,30,48728445000,11094808125,10,1109480813
2011-01-22,8,10,14,27,33,38,3,50459694000,12278664000,8,1534833000
2011-01-29,4,17,18,27,39,43,19,51466592000,12228934500,4,3057233625
2011-02-05,6,7,15,24,28,30,21,52511055000,12571445625,1,12571445625
2011-02-12,12,16,19,22,37,40,8,54685007000,12939148875,9,1437683209
2011-02-19,3,23,28,34,39,42,16,53993833000,13373142375,9,1485904709
2011-02-26,1,3,16,18,30,34,44,53194872000,12894105750,8,1611763219
2011-03-05,18,22,25,31,38,45,6,51661947000,12684340125,10,1268434013
2011-03-12,2,3,5,11,27,39,33,52348574000,11497137750,5,2299427550
2011-03-19,19,23,29,33,35,43,27,52396606000,13005238500,11,1182294410
2011-03-26,3,13,20,24,33,37,35,51579439000,11840482125,8,1480060266
2011-04-02,8,16,26,30,38,45,42,52341267000,12875500125,10,1287550013
2011-04-09,9,14,20,22,33,34,28,50869017000,12098132625,8,1512266579
2011-04-16,11,16,29,38,41,44,21,50798417000,12577472625,6,2096245438
2011-04-23,6,12,20,26,29,38,45,50370042000,12394279500,9,1377142167
2011-04-30,17,20,30,31,37,40,25,49680708000,11400464250,6,1900077375
2011-05-07,10,22,28,34,36,44,2,49810778000,11975238000,6,1995873000
2011-05-14,1,23,28,30,34,35,9,50272122000,12681668250,4,3170417063
2011-05-21,25,27,29,36,38,40,41,51219943000,12720717375,9,1413413042
2011-05-28,4,6,10,19,20,44,14,51236072000,11948378250,9,1327597584
2011-06-04,11,13,23,35,43,45,17,50673529000,12462565875,3,4154188625
2011-06-11,13,20,21,30,39,45,32,50053080000,12541781250,7,1791683036
2011-06-18,1,11,12,14,26,35,6,50595241000,12153742875,3,4051247625
2011-06-25,2,7,8,9,17,33,34,49555042000,10631764500,4,2657941125
2011-07-02,3,7,13,27,40,41,36,51341262000,12078638250,3,4026212750
2011-07-09,3,10,20,26,35,43,36,50214272000,12179145750,3,4059715250
2011-07-16,6,14,19,21,23,31,13,49732036000,11942349750,6,1990391625
2011-07-23,12,15,20,24,30,38,29,49861167000,11467806375,13,882138952
2011-07-30,8,10,18,30,32,34,27,48456758000,11492118000,9,1276902000
2011-08-06,12,24,33,38,40,42,30,48055125000,11313661875,5,2262732375
2011-08-13,13,25,27,34,38,41,10,48389211000,11263879125,7,1609125590
2011-08-20,4,19,20,26,30,35,24,48769851000,11449980375,7,1635711483
2011-08-27,1,7,12,18,23,27,44,49420681000,11189535375,7,1598505054
2011-09-03,8,10,18,23,27,40,33,49679052000,11599028250,10,1159902825
2011-09-10,4,9,10,32,36,40,18,53778256000,12870501000,8,1608812625
2011-09-17,4,6,10,14,25,40,12,49890095000,11590895625,7,1655842233
2011-09-24,8,11,28,30,43,45,41,51917635000,12723583125,4,3180895782
2011-10-01,11,18,26,31,37,40,43,50624588000,11692049250,6,1948674875
2011-10-08,3,20,24,32,37,45,4,49325555000,11868474375,8,1483559297
2011-10-15,23,29,31,33,34,44,40,49205151000,12140599125,0,0
2011-10-22,6,12,15,34,42,44,4,126772274000,43624374375,13,3355721106
2011-10-29,1,8,11,13,22,38,31,57793294000,13465640250,7,1923662893
2011-11-05,4,10,13,23,32,44,20,58314753000,13772821125,9,1530313459
2011-11-12,2,12,14,17,24,40,39,57383906000,12918969750,9,1435441084
2011-11-19,8,13,15,28,37,43,17,55598552000,13744774500,9,1527197167
2011-11-26,4,21,22,34,37,38,33,53364940000,13320525000,4,3330131250
2011-12-03,10,16,20,39,41,42,27,53912965000,12999991875,3,4333330625
2011-12-10,6,13,29,37,39,41,43,53492340000,13575330000,7,1939332858
2011-12-17,16,25,26,31,36,43,44,51929207000,12667592625,7,1809656090
2011-12-24,8,13,20,22,23,36,34,52867236000,13001672250,4,3250418063
2011-12-31,4,13,18,31,33,45,43,58978482000,14050362000,15,936690800
2012-01-07,1,9,14,16,21,29,3,56043275000,13551384375,8,1693923047
2012-01-14,9,12,13,15,37,38,27,55591819000,13759405875,4,3439851469
2012-01-21,14,25,29,32,33,45,37,60801409000,15352094625,8,1919011829
2012-01-28,18,29,30,37,39,43,8,54975901000,13821146626,14,987224759
2012-02-04,8,23,25,27,35,44,24,54848834000,13398279000,6,2233046500
2012-02-11,3,5,10,17,30,31,16,55415681000,11986969125,4,2996742282
2012-02-18,3,4,23,29,40,41,20,55642616000,13918067250,3,4639355750
2012-02-25,1,10,16,24,25,35,43,56201452000,13285448250,7,1897921179
2012-03-03,12,15,19,22,28,34,5,55582659000,12835983375,5,2567196675
2012-03-10,1,3,27,28,32,45,11,55885979000,13831818375,6,2305303063
2012-03-17,17,22,26,27,36,39,20,55692878000,13513274250,9,1501474917
2012-03-24,1,2,23,25,38,40,43,54540823000,13112243625,13,1008634125
2012-03-31,4,8,25,27,37,41,21,55276503000,13110646125,8,1638830766
2012-04-07,2,8,17,30,31,38,25,54213092000,13303935750,10,1330393575
2012-04-14,2,4,8,15,20,27,11,53558490000,12638163750,6,2106360625
2012-04-21,2,7,26,29,40,43,42,52590121000,13021639125,7,1860234161
2012-04-28,8,17,35,36,39,42,4,53413874000,13218537750,4,3304634438
2012-05-05,22,27,31,35,37,40,42,51693454000,12465069000,5,2493013800
2012-05-12,20,22,26,33,36,37,25,53231838000,13060083000,9,1451120334
2012-05-19,5,7,8,15,30,43,22,53321589000,12655060875,12,1054588407
2012-05-26,4,13,22,27,34,44,6,53645960000,12669870000,6,2111645000
2012-06-02,4,13,20,29,36,41,39,52915804000,13143729000,4,3285932250
2012-06-09,19,20,23,24,43,44,13,52411585000,13336906875,6,2222817813
2012-06-16,13,14,24,32,39,41,3,52851253000,12978012375,4,3244503094
2012-06-23,5,20,23,27,35,40,43,52767632000,12211440750,3,4070480250
2012-06-30,3,4,12,20,24,34,41,54012267000,12159651375,9,1351072375
2012-07-07,1,4,10,17,31,42,2,52717711000,12100800375,4,3025200094
2012-07-14,6,22,28,32,34,40,26,54000640000,13208748750,6,2201458125
2012-07-21,1,5,27,30,34,36,40,53572205000,12975444375,7,1853634911
2012-07-28,6,14,22,26,43,44,31,51787037000,12989132625,9,1443236959
2012-08-04,7,20,22,25,38,40,44,49103223000,11507731125,6,1917955188
2012-08-11,6,9,11,22,24,30,31,52363311000,12220001625,3,4073333875
2012-08-18,12,13,32,33,40,41,4,53638773000,12747949875,9,1416438875
2012-08-25,5,27,31,34,35,43,37,54010391000,12796462875,8,1599557860
2012-09-01,12,25,29,35,42,43,24,53390358000,13445380500,5,2689076100
2012-09-08,12,29,32,33,39,40,42,53964992000,13220790750,5,2644158150
2012-09-15,3,7,14,23,26,42,24,53970308000,12993475500,6,2165579250
2012-09-22,4,5,9,13,26,27,1,54017801000,12221227875,13,940094452
2012-09-29,5,8,21,23,27,33,12,58317548000,13768874250,3,4589624750
2012-10-06,1,15,20,26,35,42,9,54452404000,13353166500,3,4451055500
2012-10-13,2,11,12,15,23,37,8,55258935000,13200466875,1,13200466875
2012-10-20,2,8,23,41,43,44,30,56385762000,14236092000,11,1294190182
2012-10-27,1,9,12,28,36,41,10,54468223000,13295288625,5,2659057725
2012-11-03,14,23,30,32,34,38,6,55321566000,13582824750,6,2263804125
2012-11-10,6,8,13,16,30,43,3,55614206000,13654209750,7,1950601393
2012-11-17,4,22,27,28,38,40,1,55003797000,13003232625,6,2167205438
2012-11-24,3,7,18,29,32,36,19,56185373000,13547367375,8,1693420922
2012-12-01,4,5,13,14,37,41,11,57053378000,13689738000,6,2281623000
2012-12-08,1,4,37,38,40,45,7,53678449000,12462490875,7,1780355840
2012-12-15,10,11,29,38,41,45,21,55662103000,13966782375,4,3491695594
2012-12-22,11,23,26,29,39,44,22,55566007000,13510191375,9,1501132375
2012-12-29,7,14,17,20,35,39,31,56527807000,13419287625,9,1491031959
2013-01-05,1,12,22,32,33,42,38,56985634000,13421022750,13,1032386366
2013-01-12,5,17,25,31,39,40,10,57548541000,13176780375,11,1197889125
2013-01-19,18,20,24,27,31,42,39,57645779000,13992918375,8,1749114797
2013-01-26,16,23,27,29,33,41,22,56241083000,13548218625,11,1231656239
2013-02-02,1,5,9,21,27,35,45,57567064000,13693677750,9,1521519750
2013-02-09,16,17,23,24,29,44,3,61687384000,15518274000,7,2216896286
2013-02-16,9,14,15,17,31,33,23,59275357000,14285372625,8,1785671579
2013-02-23,10,24,26,29,37,38,32,59227462000,14215763250,1,14215763250
2013-03-02,11,12,14,15,18,39,34,60523884000,14806809000,3,4935603000
2013-03-09,7,8,18,32,37,43,12,59763469000,14393759625,11,1308523603
2013-03-16,12,23,26,30,36,43,11,59453323000,14728272375,7,2104038911
2013-03-23,6,10,18,31,32,34,11,59233373000,14064064875,3,4688021625
2013-03-30,3,19,22,31,42,43,26,59168870000,14589330000,9,1621036667
2013-04-06,3,12,13,15,34,36,14,56739658000,13925556750,7,1989365250
2013-04-13,8,13,26,28,32,34,43,57087047000,13962598875,11,1269327171
2013-04-20,5,6,19,26,41,45,34,56949161000,14010915375,6,2335152563
2013-04-27,13,18,26,31,34,44,12,56570245000,13355218125,12,1112934844
2013-05-04,5,17,21,25,36,44,10,56056189000,13603049625,13,1046388433
2013-05-11,4,24,25,27,34,35,2,55967171000,13188937875,11,1198994353
2013-05-18,8,17,20,27,37,43,6,56713166000,12178198500,30,405939950
2013-05-25,6,7,15,22,34,39,28,57968466000,14192222250,5,2838444450
2013-06-01,1,12,13,21,32,45,14,57771827000,13894975125,8,1736871891
2013-06-08,29,31,35,38,40,44,17,56864611000,14086440375,8,1760805047
2013-06-15,1,7,14,20,34,37,41,56441770000,12305471250,11,1118679205
2013-06-22,3,6,20,24,27,44,25,56989370000,13526973750,1,13526973750
2013-06-29,1,10,20,32,35,40,43,57602386000,13308242250,10,1330824225
2013-07-06,2,7,17,28,29,39,37,56487483000,13497788625,6,2249631438
2013-07-13,13,14,17,32,41,42,6,56124466000,13627787250,2,6813893625
2013-07-20,11,17,21,24,26,36,12,57273817000,13688218875,8,1711027360
2013-07-27,12,20,23,28,30,44,43,57374791000,14036464125,7,2005209161
2013-08-03,4,20,26,28,35,40,31,55086560000,13216485000,7,1888069286
2013-08-10,12,15,19,26,40,43,29,54939001000,13159136625,10,1315913663
2013-08-17,11,12,25,32,44,45,23,55733418000,13483019250,7,1926145608
2013-08-24,1,4,20,23,29,45,28,56565298000,13836880500,7,1976697215
2013-08-31,5,7,18,37,42,45,20,56638383000,13768561125,5,2753712225
2013-09-07,4,11,13,17,20,31,33,56288212000,12833640750,11,1166694614
2013-09-14,5,10,16,17,31,32,21,57320132000,13529149500,7,1932735643
2013-09-21,14,19,25,26,27,34,2,58012468000,13543608000,7,1934801143
2013-09-28,4,10,18,27,40,45,38,59556622000,13936515750,8,1742064469
2013-10-05,4,5,6,25,26,43,41,57666611000,14035804125,4,3508951032
2013-10-12,1,10,15,16,32,41,28,57439471000,13911956625,6,2318659438
2013-10-19,1,3,17,20,31,44,40,57681628000,13051675500,10,1305167550
2013-10-26,3,6,13,23,24,35,1,58441902000,13871700750,4,3467925188
2013-11-02,1,12,26,27,29,33,42,57654279000,13750124625,9,1527791625
2013-11-09,11,18,21,26,38,43,29,56493528000,13765769250,7,1966538465
2013-11-16,3,13,18,33,37,45,1,56473602000,13345729500,8,1668216188
2013-11-23,2,4,20,34,35,43,14,56092721000,13165534125,8,1645691766
2013-11-30,14,15,16,19,25,43,2,55882933000,13930369875,2,6965184938
2013-12-07,2,8,20,30,33,34,6,56330738000,13594143000,8,1699267875
2013-12-14,10,11,15,25,35,41,13,54691148000,12965898000,3,4321966000
2013-12-21,16,17,22,31,34,37,33,57010827000,13453315125,3,4484438375
2013-12-28,5,12,14,32,34,42,16,58584741000,13982332875,5,2796466575
2014-01-04,5,7,20,22,37,42,39,63532871000,15356752884,11,1396068444
2014-01-11,5,7,9,11,32,35,33,60514216000,14200273500,7,2028610500
2014-01-18,3,5,14,20,42,44,33,60257457000,14756436376,8,1844554547
2014-01-25,2,12,14,33,40,41,25,59306953000,14242234876,4,3560558719
2014-02-01,8,17,27,33,40,44,24,62675295000,14760331883,11,1341848353
2014-02-08,7,18,30,39,40,41,36,61343856000,15099549750,3,5033183250
2014-02-15,6,7,10,16,38,41,4,60253002000,14584917006,9,1620546334
2014-02-22,2,7,12,15,21,34,5,59502096000,14226834752,8,1778354344
2014-03-01,14,21,29,31,32,37,17,59715499000,14923732125,3,4974577375
2014-03-08,2,8,15,22,25,41,30,59533101000,14446710375,5,2889342075
2014-03-15,6,8,28,33,38,39,22,60643729000,14958145881,7,2136877983
2014-03-22,20,30,36,38,41,45,23,60003131000,15296287881,7,2185183983
2014-03-29,8,13,14,30,38,39,5,59373946000,14823381000,5,2964676200
2014-04-05,2,5,6,13,28,44,43,58097477000,14138290128,6,2356381688
2014-04-12,9,10,13,24,33,38,28,59368204000,13795501500,9,1532833500
2014-04-19,2,8,13,25,28,37,3,57764442000,13811520756,11,1255592796
2014-04-26,8,24,28,35,38,40,5,57797288000,13956201752,8,1744525219
2014-05-03,3,4,12,14,25,43,17,56561071000,13282676630,10,1328267663
2014-05-10,8,10,23,24,35,43,37,56832361000,13752967878,13,1057920606
2014-05-17,4,12,24,33,38,45,22,57518550000,13343977504,16,833998594
2014-05-24,5,12,17,29,34,35,27,57381791000,13687346632,8,1710918329
2014-05-31,5,11,14,27,29,36,44,56372519000,13526980875,15,901798725
2014-06-07,2,16,19,31,34,35,37,55868455000,13721086881,9,1524565209
2014-06-14,13,14,22,27,30,38,2,56262855000,13516246880,8,1689530860
2014-06-21,2,19,25,26,27,43,28,56276650000,13808546252,4,3452136563
2014-06-28,2,6,18,21,33,34,30,56266399000,13520557127,11,1229141557
2014-07-05,1,2,7,9,10,38,42,56622924000,12548090250,9,1394232250
2014-07-12,1,5,6,14,20,39,22,56928896000,13115668500,10,1311566850
2014-07-19,8,14,23,36,38,39,13,56806213000,13977923628,4,3494480907
2014-07-26,4,8,18,19,39,44,41,56146117000,13604710126,7,1943530018
2014-08-02,4,8,27,34,39,40,13,54858201000,12678622876,2,6339311438
2014-08-09,14,18,20,23,28,36,33,56862756000,14064073500,4,3516018375
2014-08-16,2,22,27,33,36,37,14,57411079000,14010824628,4,3502706157
2014-08-23,6,9,18,19,25,33,40,56931314000,12998757750,11,1181705250
2014-08-30,7,8,11,16,41,44,35,57986249000,13948480881,9,1549831209
2014-09-06,8,21,25,39,40,44,18,62301977000,15245852628,6,2540975438
2014-09-13,10,17,18,19,23,27,35,59072378000,13815561753,9,1535062417
2014-09-20,5,13,18,23,40,45,3,60303360000,14506301250,9,1611811250
2014-09-27,4,5,11,12,24,27,28,58958123000,13037614880,8,1629701860
2014-10-04,8,16,25,30,42,43,15,58550803000,14406631125,5,2881326225
2014-10-11,6,8,13,30,35,40,21,58822925000,13837438125,3,4612479375
2014-10-18,2,16,17,32,39,45,40,58342777000,14197982631,7,2028283233
2014-10-25,1,2,6,16,19,42,9,59407216000,14158341000,6,2359723500
2014-11-01,9,15,16,21,28,34,24,59601329000,14675384628,9,1630598292
2014-11-08,7,13,30,39,41,45,25,58504142000,14509620752,8,1813702594
2014-11-15,1,7,19,26,27,35,16,57832726000,13818647250,5,2763729450
2014-11-22,3,6,7,20,21,39,13,58614979000,13825923375,5,2765184675
2014-11-29,13,14,26,33,40,43,15,58986187000,13742968880,8,1717871110
2014-12-06,2,9,22,25,31,45,12,55981334000,13522306500,10,1352230650
2014-12-13,1,7,12,15,23,42,11,57253109000,13499485875,9,1499942875
2014-12-20,19,28,31,38,43,44,1,57618701000,14597167875,5,2919433575
2014-12-27,8,17,21,24,27,31,15,61335894000,14508916500,3,4836305500
2015-01-03,1,2,4,23,31,34,8,65300621000,15679414128,4,3919853532
2015-01-10,15,18,21,32,35,44,6,63066603000,15758464876,11,1432587716
2015-01-17,9,12,19,20,39,41,13,62015797000,14607085128,12,1217257094
2015-01-24,4,10,11,12,20,27,38,63149567000,14013156378,13,1077935106
2015-01-31,11,13,25,26,29,33,32,62429621000,14844697880,8,1855587235
2015-02-07,6,7,15,16,20,31,26,62786394000,14658897752,8,1832362219
2015-02-14,3,16,22,37,38,44,23,63504865000,15596964376,4,3899241094
2015-02-21,7,18,22,24,31,34,6,64319586000,15605822253,7,2229403179
2015-02-28,6,15,22,23,25,32,40,66202599000,16244740876,4,4061185219
2015-03-07,14,15,18,21,26,35,23,64080502000,15558919506,9,1728768834
2015-03-14,11,18,21,36,37,43,12,63773134000,15920596504,8,1990074563
2015-03-21,8,17,18,24,39,45,32,63544224000,15017525256,12,1251460438
2015-03-28,15,24,31,32,33,40,13,63110068000,15214581750,6,2535763625
2015-04-04,5,13,17,23,28,36,8,61846599000,14651609632,8,1831451204
2015-04-11,1,4,16,26,40,41,31,62661756000,14785191000,4,3696297750
2015-04-18,2,9,24,41,43,45,30,62308090000,15508488751,7,2215498393
2015-04-25,5,16,21,23,24,30,29,62314338000,15328079256,7,2189725608
2015-05-02,13,19,28,37,38,43,4,60874405000,14846915629,7,2120987947
2015-05-09,3,21,22,33,41,42,20,60473178000,14740210500,5,2948042100
2015-05-16,3,4,7,11,31,41,35,60991082000,14246494500,5,2849298900
2015-05-23,11,12,16,26,29,44,18,61494891000,14842451632,8,1855306454
2015-05-30,3,13,15,40,41,44,20,60426977000,15017417625,5,3003483525
2015-06-06,5,6,26,27,38,39,1,59716037000,13733421380,14,980958670
2015-06-13,16,21,26,31,36,43,6,60697813000,15034411128,8,1879301391
2015-06-20,7,37,38,39,40,44,18,60434801000,14952956625,9,1661439625
2015-06-27,3,7,14,16,31,40,39,61328118000,14660005500,2,7330002750
2015-07-04,10,14,19,39,40,43,23,61769837000,15252865128,9,1694762792
2015-07-11,8,19,25,28,32,36,37,61131243000,14706282375,9,1634031375
2015-07-18,7,18,19,27,29,42,45,61677747000,14702646376,11,1336604216
2015-07-25,4,9,23,33,39,44,14,60813322000,14212725750,10,1421272575
2015-08-01,2,3,12,20,27,38,40,59597375000,13704204376,8,1713025547
2015-08-08,5,6,9,11,15,37,26,59164542000,13517869504,8,1689733688
2015-08-15,3,5,8,19,38,42,20,61100704000,14561709001,7,2080244143
2015-08-22,10,20,33,36,41,44,5,61921689000,15368013380,10,1536801338
2015-08-29,5,6,11,17,38,44,13,61885874000,14572921500,4,3643230375
2015-09-05,2,4,6,11,17,28,16,62652917000,14381406378,6,2396901063
2015-09-12,15,17,25,37,42,43,13,63421632000,15601350751,7,2228764393
2015-09-19,12,14,15,24,27,32,3,63346405000,14955793125,5,2991158625
2015-09-26,7,8,20,29,33,38,9,67952211000,16249039128,6,2708173188
2015-10-03,11,18,26,27,40,41,25,62242687000,14300702628,12,1191725219
2015-10-10,7,9,10,13,31,35,24,63940807000,14889291376,4,3722322844
2015-10-17,8,21,28,31,36,45,43,63542330000,15792705000,9,1754745000
2015-10-24,7,10,17,29,33,44,5,63163578000,14914533000,10,1491453300
2015-10-31,9,10,14,25,27,31,11,61386974000,14164524000,8,1770565500
2015-11-07,1,8,11,15,18,45,7,60458623000,14058196128,4,3514549032
2015-11-14,1,8,17,34,39,45,27,62147642000,15037812000,8,1879726500
2015-11-21,12,15,24,36,41,44,42,62267624000,15368915256,8,1921114407
2015-11-28,4,5,6,12,25,37,45,60887293000,13730941128,6,2288490188
2015-12-05,3,5,7,14,26,34,35,62220918000,14315028000,5,2863005600
2015-12-12,4,10,19,29,32,42,30,64245201000,15547987882,14,1110570563
2015-12-19,21,24,27,29,43,44,7,63268253000,16177973628,6,2696328938
2015-12-26,17,23,27,35,38,43,2,66757858000,16254854252,4,4063713563
2016-01-02,6,13,20,27,28,40,15,71940091000,16174894128,16,1010930883
2016-01-09,1,11,15,17,25,39,40,66623887000,15199341381,9,1688815709
2016-01-16,6,7,12,28,38,40,18,69126675000,16438044381,11,1494367671
2016-01-23,7,12,15,24,25,43,13,65274010000,15500253752,8,1937531719
2016-01-30,1,8,10,13,28,42,45,68044669000,16320175878,6,2720029313
2016-02-06,5,15,22,23,34,35,2,73095612000,17707830750,9,1967536750
2016-02-13,7,17,19,30,36,38,34,67460147000,16252431377,7,2321775911
2016-02-20,24,25,33,34,38,39,43,69142025000,16897614375,15,1126507625
2016-02-27,15,27,33,35,43,45,16,68590328000,17035780500,6,2839296750
2016-03-05,3,11,14,15,32,36,44,66390499000,16108915879,7,2301273697
2016-03-12,1,6,11,28,34,42,30,67352935000,16427638130,10,1642763813
2016-03-19,7,15,20,25,33,43,12,67533257000,15550363880,10,1555036388
2016-03-26,4,18,26,33,34,38,14,67672085000,15952363130,11,1450214830
2016-04-02,1,7,16,18,34,38,21,67542971000,16320544130,10,1632054413
2016-04-09,2,5,8,11,33,39,31,66966141000,15314430380,10,1531443038
2016-04-16,3,11,13,21,33,37,18,66283268000,15368673000,8,1921084125
2016-04-23,4,5,8,16,21,29,3,66743146000,15963291000,8,1995411375
2016-04-30,11,23,28,29,30,44,13,66846276000,16656793504,8,2082099188
2016-05-07,3,10,14,16,36,38,35,64454138000,15831831750,10,1583183175
2016-05-14,3,13,16,24,26,29,9,66219854000,16116005257,11,1465091387
2016-05-21,10,28,31,33,41,44,21,65728988000,16178920500,5,3235784100
2016-05-28,1,4,8,23,33,42,45,65930117000,15460761376,4,3865190344
2016-06-04,1,6,17,22,28,45,23,65859843000,15948826128,4,3987206532
2016-06-11,3,4,6,10,28,30,37,65723488000,15326984252,4,3831746063
2016-06-18,2,12,19,24,39,44,35,66813924000,15866007756,12,1322167313
2016-06-25,2,10,16,19,34,45,1,66806307000,16398208876,4,4099552219
2016-07-02,10,18,30,36,39,44,32,65592504000,16313802750,14,1165271625
2016-07-09,3,4,9,24,25,33,10,65083972000,14477205750,5,2895441150
2016-07-16,11,15,24,35,37,45,42,66152746000,15941893506,7,2277413358
2016-07-23,17,20,30,31,33,45,19,66136318000,16137940500,4,4034485125
2016-07-30,2,5,15,18,19,23,44,64646552000,15432488253,9,1714720917
2016-08-06,1,7,22,33,37,40,20,64099989000,14595922131,7,2085131733
2016-08-13,2,7,27,33,41,44,10,65794607000,15633062628,6,2605510438
2016-08-20,2,6,13,16,29,30,21,67040169000,16305025884,12,1358752157
2016-08-27,2,11,19,25,28,32,44,68597839000,16214602128,6,2702433688
2016-09-03,4,11,20,23,32,39,40,69400763000,15744829888,17,926166464
2016-09-10,4,8,13,19,20,43,26,71378392000,16916232006,9,1879581334
2016-09-17,1,12,29,34,36,37,41,69939090000,17272785012,14,1233770358
2016-09-24,1,28,35,41,43,44,31,71627567000,18190138880,8,2273767360
2016-10-01,12,14,21,30,39,43,45,69446489000,17461690876,4,4365422719
2016-10-08,20,30,33,35,36,44,22,67750231000,16914922880,8,2114365360
2016-10-15,2,8,33,35,37,41,14,69987274000,17133477756,12,1427789813
2016-10-22,6,7,19,21,41,43,38,70208676000,17371389750,11,1579217250
2016-10-29,1,11,21,23,34,44,24,68799295000,16336216876,14,1166872634
2016-11-05,7,8,10,19,21,31,20,67559139000,15611508388,14,1115107742
2016-11-12,3,6,10,30,34,37,36,68306112000,16217322000,5,3243464400
2016-11-19,11,17,21,26,36,45,16,68784161000,16793002876,4,4198250719
2016-11-26,4,10,14,15,18,22,39,66934105000,16139056880,8,2017382110
2016-12-03,2,7,13,25,42,45,39,69239673000,16383297378,7,2340471054
2016-12-10,2,4,5,17,27,32,43,68645948000,15422894256,7,2203270608
2016-12-17,11,24,32,33,35,40,13,69321488000,16066900500,4,4016725125
2016-12-24,6,16,37,38,41,45,18,71457582000,17544559500,9,1949395500
2016-12-31,5,10,13,27,37,41,4,77488209000,18472315880,10,1847231588
2017-01-07,2,11,17,18,21,27,6,73510203000,16986811125,5,3397362225
2017-01-14,13,15,18,24,27,41,11,70775944000,17132244000,4,4283061000
2017-01-21,23,27,28,38,42,43,36,71768122000,17976102001,11,1634191091
2017-01-28,7,22,29,33,34,35,30,77999661000,18976489128,4,4744122282
2017-02-04,4,8,9,16,17,19,31,75186520000,16864736256,18,936929792
2017-02-11,5,21,27,34,44,45,16,74392585000,18261575628,6,3043595938
2017-02-18,8,10,13,36,37,40,6,73857792000,17789037008,16,1111814813
2017-02-25,15,19,21,34,41,44,10,73436852000,18260487000,7,2608641000
2017-03-04,10,15,18,21,34,41,43,73507293000,17331173625,15,1155411575
2017-03-11,1,2,3,9,12,23,10,73575119000,14936459640,20,746822982
2017-03-18,3,12,33,36,42,45,25,74239579000,18347613381,9,2038623709
2017-03-25,7,9,12,14,23,28,17,73337880000,17128931256,9,1903214584
2017-04-01,3,10,13,22,31,32,29,72750277000,17354218878,9,1928246542
2017-04-08,12,14,24,26,34,45,41,72252889000,17551357135,13,1350104395
2017-04-15,1,2,15,19,24,36,12,72248100000,17654730002,7,2522104286
2017-04-22,3,4,16,20,28,44,17,71534233000,16783744880,8,2097968110
2017-04-29,4,16,20,33,40,43,7,71600822000,16833229506,9,1870358834
2017-05-06,2,17,19,24,37,41,3,68915001000,16266630378,6,2711105063
2017-05-13,2,8,17,24,29,31,32,70765850000,17137710000,5,3427542000
2017-05-20,13,14,26,28,30,36,37,71300635000,17715418128,8,2214427266
2017-05-27,10,14,16,18,27,28,4,70992946000,17072173500,5,3414434700
2017-06-03,6,7,11,17,33,44,1,71053002000,15536637018,21,739839858
2017-06-10,5,9,12,30,39,43,24,71764259000,16631759632,8,2078969954
2017-06-17,9,33,36,40,42,43,32,72632208000,18196023000,6,3032670500
2017-06-24,10,22,27,31,42,43,12,72200797000,18026395128,8,2253299391
2017-07-01,4,7,11,24,42,45,30,71415903000,16749113626,7,2392730518
2017-07-08,1,3,12,21,26,41,16,70558895000,16314320630,10,1631432063
2017-07-15,3,8,16,32,34,43,10,70652100000,17105040000,8,2138130000
2017-07-22,7,22,24,31,34,36,15,70318932000,17219828255,7,2459975465
2017-07-29,1,3,8,12,42,43,33,70972360000,16638213750,15,1109214250
2017-08-05,9,30,34,35,39,41,21,69500769000,17389098376,8,2173637297
2017-08-12,5,15,20,31,34,42,22,71285599000,17456530875,15,1163768725
2017-08-19,7,27,29,30,38,44,4,72306975000,17726439380,13,1363572260
2017-08-26,5,7,11,16,41,45,4,72873431000,17376840378,9,1930760042
2017-09-02,1,9,12,23,39,43,34,74166379000,17304794632,8,2163099329
2017-09-09,6,10,17,18,21,29,30,73545939000,17450579628,4,4362644907
2017-09-16,5,6,11,14,21,41,32,74375369000,17696088380,10,1769608838
2017-09-23,8,12,19,21,31,35,44,74560597000,17703433880,11,1609403080
2017-09-30,12,15,18,28,34,42,9,77347021000,18806936632,11,1709721512
2017-10-07,11,12,29,33,38,42,17,70795452000,17352188250,5,3470437650
2017-10-14,8,9,18,21,28,40,20,74826082000,17903055751,7,2557579393
2017-10-21,6,12,17,21,34,37,18,75534360000,17502828756,21,833468036
2017-10-28,6,21,35,36,37,41,11,75075606000,18792208500,3,6264069500
2017-11-04,6,12,19,24,34,41,4,73773676000,16804802256,11,1527709296
2017-11-11,15,17,19,21,27,45,16,74232084000,18342721507,11,1667520137
2017-11-18,11,16,18,19,24,39,43,72483157000,16946023878,9,1882891542
2017-11-25,6,18,31,34,38,45,20,72253973000,17518388625,9,1946487625
2017-12-02,14,15,16,17,38,45,36,73525256000,18415858500,4,4603964625
2017-12-09,3,10,23,24,31,39,22,74311382000,17178102000,9,1908678000
2017-12-16,4,6,15,25,26,33,40,72974563000,17319736128,6,2886622688
2017-12-23,12,15,16,20,24,30,38,75930156000,18205461000,4,4551365250
2017-12-30,5,6,13,16,27,28,9,79593923000,18552649878,6,3092108313
2018-01-06,2,10,11,19,35,39,29,78121882000,18219177002,13,1401475154
2018-01-13,2,6,7,12,19,45,38,76136603000,17114652375,15,1140976825
2018-01-20,3,8,19,27,30,41,12,78978881000,18568260384,16,1160516274
2018-01-27,2,10,12,31,33,42,32,74205844000,17543146502,14,1253081893
2018-02-03,2,7,19,25,29,36,16,76339003000,18590157376,7,2655736768
2018-02-10,10,15,21,35,38,43,31,76177477000,18750733875,5,3750146775
2018-02-17,6,7,18,19,30,38,13,79941579000,18556582128,7,2650940304
2018-02-24,3,10,13,26,34,38,36,79661342000,18864747000,11,1714977000
2018-03-03,1,21,26,36,40,41,5,77685943000,19344432380,7,2763490340
2018-03-10,5,22,31,32,39,45,36,77339940000,19176225000,8,2397028125
2018-03-17,2,10,14,22,32,36,41,77038759000,18975543377,7,2710791911
2018-03-24,12,17,23,34,42,45,33,76708986000,18264272250,10,1826427225
2018-03-31,1,4,10,12,28,45,26,76994062000,17954708255,11,1632246205
2018-04-07,17,25,28,37,43,44,2,74034792000,18054293256,8,2256786657
2018-04-14,10,11,12,18,24,42,27,75146781000,17327167888,16,1082947993
2018-04-21,5,9,14,26,30,43,2,75670793000,18319051125,5,3663810225
2018-04-28,1,10,13,26,32,36,9,74557028000,17951961753,11,1631996523
2018-05-05,3,12,13,18,31,32,42,73065981000,17064247876,4,4266061969
2018-05-12,14,20,23,31,37,38,27,74030583000,18485326125,7,2640760875
2018-05-19,6,10,18,25,34,35,33,73831580000,17063636254,7,2437662322
2018-05-26,15,21,31,32,41,43,24,74911438000,18525723000,6,3087620500
2018-06-02,6,11,15,17,23,40,39,74214104000,17528236500,6,2921372750
2018-06-09,5,10,13,21,39,43,11,74388355000,17852784376,8,2231598047
2018-06-16,8,11,19,21,36,45,25,74570813000,17669037379,7,2524148197
2018-06-23,1,3,12,14,16,43,10,74147816000,17687728500,6,2947954750
2018-06-30,11,30,34,35,42,44,27,73394947000,18367052628,4,4591763157
2018-07-07,2,21,28,38,42,45,30,74316543000,18403152378,6,3067192063
2018-07-14,17,21,25,26,27,36,4,73416400000,18058987506,7,2579855358
2018-07-21,12,18,19,29,31,39,7,72397826000,17024863504,8,2128107938
2018-07-28,3,9,12,13,25,43,34,72552766000,16816296006,9,1868477334
2018-08-04,14,15,25,28,29,30,3,71793353000,17950456134,13,1380804318
2018-08-11,16,25,33,38,40,45,15,74578907000,18161743880,7,2594534840
2018-08-18,10,21,22,30,35,42,6,75744571000,18509254128,4,4627313532
2018-08-25,1,12,13,24,29,44,16,76118239000,18426183384,14,1316155956
2018-09-01,9,18,20,24,27,36,12,75681739000,17792695875,3,5930898625
2018-09-08,12,18,24,26,39,40,15,77400124000,18088595253,9,2009843917
2018-09-15,7,9,24,29,34,38,26,78257422000,18849698250,15,1256646550
2018-09-22,8,15,21,31,33,38,42,82890578000,19904526756,12,1658710563
2018-09-29,13,16,24,25,33,36,42,78218740000,18676728756,9,2075192084
2018-10-06,5,11,12,29,33,44,14,76490125000,18097505625,15,1206500375
2018-10-13,4,7,13,29,31,39,18,77552827000,18917417636,13,1455185972
2018-10-20,4,5,31,35,43,45,29,77998807000,19557205128,8,2444650641
2018-10-27,5,6,16,18,37,38,17,77714000000,18544758750,9,2060528750
2018-11-03,3,10,16,19,31,39,9,77622753000,17771236128,16,1110702258
2018-11-10,13,14,19,26,40,43,30,77411900000,18793841256,9,2088204584
2018-11-17,12,18,30,39,41,42,19,77738402000,18850538256,8,2356317282
2018-11-24,6,8,18,35,42,43,3,75941791000,18597630381,11,1690693671
2018-12-01,9,10,13,28,38,45,35,77694435000,18505216875,15,1233681125
2018-12-08,1,9,11,14,26,28,19,74536697000,17609811380,14,1257843670
2018-12-15,2,25,28,30,33,45,6,76614176000,18866694750,6,3144449125
2018-12-22,9,14,17,33,36,38,20,79414484000,19068665250,5,3813733050
2018-12-29,3,9,11,12,13,19,35,79219710000,17672913752,13,1359454904
2019-01-05,2,4,11,28,29,43,27,84057771000,20429617880,10,2042961788
2019-01-12,5,11,14,30,33,38,24,81580789000,18973627138,17,1116095714
2019-01-19,14,26,32,36,39,42,38,81957444000,20354750250,10,2035475025
2019-01-26,19,21,30,33,34,42,4,81857498000,20064850500,5,4012970100
2019-02-02,7,8,13,15,33,45,18,87805610000,20933343756,18,1162963542
2019-02-09,1,16,29,33,40,45,6,83884034000,20803389002,11,1891217182
2019-02-16,5,18,30,41,43,45,13,83936839000,20759497135,13,1596884395
2019-02-23,12,16,26,28,30,42,22,83782512000,20166773256,8,2520846657
2019-03-02,1,2,16,22,38,39,34,84523266000,21081066006,7,3011580858
2019-03-09,5,13,17,29,34,39,3,82333674000,19690299011,17,1158252883
2019-03-16,16,20,24,28,36,39,5,81474176000,20265527250,6,3377587875
2019-03-23,14,18,22,26,31,44,40,81099116000,19869538504,8,2483692313
2019-03-30,11,17,28,30,33,35,9,81470793000,19206173628,4,4801543407
2019-04-06,2,8,23,26,27,44,13,82244370000,20195047502,7,2885006786
2019-04-13,20,25,31,32,36,43,3,81823338000,20530240500,6,3421706750
2019-04-20,8,15,17,19,43,44,7,82374732000,20425594500,9,2269510500
2019-04-27,10,24,40,41,43,44,17,80496424000,19889637750,5,3977927550
2019-05-04,6,10,16,28,34,38,43,80933117000,19273731375,15,1284915425
2019-05-11,9,13,32,38,39,43,23,81366889000,19821127131,9,2202347459
2019-05-18,8,22,35,38,39,41,24,80944223000,20393202379,11,1853927489
2019-05-25,4,8,18,25,27,32,42,81846672000,18798998250,10,1879899825
2019-06-01,11,17,19,21,22,25,24,81032551000,19488435376,4,4872108844
2019-06-08,10,34,38,40,42,43,32,80609005000,19718304381,9,2190922709
2019-06-15,16,21,28,35,39,43,12,81288540000,19973501254,7,2853357322
2019-06-22,3,7,10,13,25,36,32,82220290000,18882090007,11,1716553637
2019-06-29,3,15,22,32,33,45,2,81748217000,20172478885,13,1551729145
2019-07-06,9,15,29,34,37,39,12,81961886000,20163681000,9,2240409000
2019-07-13,14,17,19,22,24,40,41,81607190000,19668776250,5,3933755250
2019-07-20,12,17,28,41,43,44,25,80549078000,19402825500,6,3233804250
2019-07-27,2,6,20,27,37,39,4,80268389000,19225825880,10,1922582588
2019-08-03,21,25,30,32,40,42,31,78688663000,19288429880,10,1928842988
2019-08-10,2,6,12,26,30,34,38,79527502000,19026499506,7,2718071358
2019-08-17,2,4,30,32,33,43,29,81002518000,20203289264,16,1262705579
2019-08-24,3,5,12,13,33,39,38,82375586000,18745532250,10,1874553225
2019-08-31,1,15,19,23,28,42,32,82990138000,20108230506,18,1117123917
2019-09-07,19,22,30,34,39,44,36,80635281000,19823254136,14,1415946724
2019-09-14,5,16,21,26,34,42,24,85088368000,20722499264,19,1090657856
2019-09-21,5,17,18,22,23,43,12,84584730000,20599286256,12,1716607188
2019-09-28,2,6,11,16,25,31,3,84183676000,19247961000,6,3207993500
2019-10-05,1,4,10,14,15,35,20,83174251000,19238167878,6,3206361313
2019-10-12,7,17,19,23,24,45,38,83862502000,19864673255,7,2837810465
2019-10-19,4,18,20,26,27,32,9,84495552000,20025698256,8,2503212282
2019-10-26,18,34,39,43,44,45,23,84351602000,20636352000,5,4127270400
2019-11-02,9,18,32,33,37,44,22,85624171000,20407792875,15,1360519525
2019-11-09,4,14,23,28,37,45,17,86554613000,21588927384,12,1799077282
2019-11-16,1,3,24,27,39,45,31,83396319000,20069823384,13,1543832568
2019-11-23,19,23,28,37,42,45,2,84186094000,20822506502,7,2974643786
2019-11-30,8,14,17,27,36,45,10,84416872000,20282149504,8,2535268688
2019-12-07,3,7,12,31,34,38,32,82777313000,18962873632,8,2370359204
2019-12-14,3,13,29,38,39,42,26,86734222000,21089869500,10,2108986950
2019-12-21,1,4,14,18,29,37,6,86693498000,21019375503,9,2335486167
2019-12-28,9,13,28,31,39,41,19,89742677000,21578717629,7,3082673947
2020-01-04,4,9,17,18,26,42,36,93091115000,21794296888,17,1282017464
2020-01-11,1,15,17,23,25,41,10,87661567000,21396902625,9,2377433625
2020-01-18,19,32,37,40,41,43,45,88465183000,21401423631,9,2377935959
2020-01-25,16,26,31,38,39,41,23,96962255000,23136950628,12,1928079219
2020-02-01,5,12,25,26,38,45,23,90461998000,21372554252,7,3053222036
2020-02-08,6,7,12,22,26,36,29,88231474000,21058992760,13,1619922520
2020-02-15,18,21,28,35,37,42,17,90067839000,21114505880,8,2639313235
2020-02-22,8,19,20,21,33,39,37,85877347000,20156136378,6,3359356063
2020-02-29,7,13,16,18,35,38,14,83639372000,20099108250,6,3349851375
2020-03-07,5,18,20,23,30,34,21,84783962000,20411772003,9,2267974667
2020-03-14,7,19,23,24,36,39,30,87501981000,21051127877,13,1619317529
2020-03-21,2,15,16,21,22,28,45,88625160000,21899568756,13,1684582212
2020-03-28,2,6,8,26,43,45,11,88938220000,21744622504,8,2718077813
2020-04-04,3,4,16,27,38,40,20,90357634000,21125037752,7,3017862536
2020-04-11,2,5,14,28,31,32,20,90948274000,22253465250,9,2472607250
2020-04-18,21,27,29,38,40,44,37,89331282000,22155413252,7,3165059036
